"X","MatchURL","League","Match_Date","Matchweek","Home_Team","Home_Formation","Home_Score","Home_xG","Home_Goals","Home_Yellow_Cards","Home_Red_Cards","Away_Team","Away_Formation","Away_Score","Away_xG","Away_Goals","Away_Yellow_Cards","Away_Red_Cards","Game_URL","Team","Home_Away","Player","Player_Href","Player_Num","Nation","First_pos_fbref","Other_pos_fbref","Age","Min","Gls","Ast","PK","PKatt","Sh","SoT","CrdY","CrdR","Touches","Tkl","Int","Blocks","xG_Expected","npxG_Expected","xAG_Expected","SCA_SCA","GCA_SCA","Cmp_Passes","Att_Passes","Cmp_percent_Passes","PrgP_Passes","Carries_Carries","PrgC_Carries","Att_Take_Ons","Succ_Take_Ons","Competition_Name","Gender","Country","Tier","Season_End_Year","Cmp_Total","Att_Total","Cmp_percent_Total","TotDist_Total","PrgDist_Total","Cmp_Short","Att_Short","Cmp_percent_Short","Cmp_Medium","Att_Medium","Cmp_percent_Medium","Cmp_Long","Att_Long","Cmp_percent_Long","xAG","xA","KP","Final_Third","PPA","CrsPA","PrgP","Att","Live_Pass_Types","Dead_Pass_Types","FK_Pass_Types","TB_Pass_Types","Sw_Pass_Types","Crs_Pass_Types","TI_Pass_Types","CK_Pass_Types","In_Corner_Kicks","Out_Corner_Kicks","Str_Corner_Kicks","Cmp_Outcomes","Off_Outcomes","Blocks_Outcomes","Tkl_Tackles","TklW_Tackles","Def.3rd_Tackles","Mid.3rd_Tackles","Att.3rd_Tackles","Tkl_Challenges","Att_Challenges","Tkl_percent_Challenges","Lost_Challenges","Blocks_Blocks","Sh_Blocks","Pass_Blocks","Tkl.Int","Clr","Err","Touches_Touches","Def.Pen_Touches","Def.3rd_Touches","Mid.3rd_Touches","Att.3rd_Touches","Att.Pen_Touches","Live_Touches","Succ_percent_Take_Ons","Tkld_Take_Ons","Tkld_percent_Take_Ons","TotDist_Carries","PrgDist_Carries","Final_Third_Carries","CPA_Carries","Mis_Carries","Dis_Carries","Rec_Receiving","PrgR_Receiving","X2CrdY","Fls","Fld","Off","Crs","TklW","PKwon","PKcon","OG","Recov","Won_Aerial_Duels","Lost_Aerial_Duels","Won_percent_Aerial_Duels","fotmob_position_short","fotmob_position","fotmob_rating","sofa_position","sofa_rating","ws_position","ws_rating"
1,"https://fbref.com/en/matches/1edcbf7a/Osasuna-Sevilla-August-12-2022-La-Liga","La Liga","12/08/2022","La Liga (Matchweek 1)","osasuna","04/04/2002",2,1.5,"Ezequiel Ávila · 9&rsquor; Aimar Oroz (P) · 74&rsquor;",5,0,"sevilla","4-2-3-1",1,0.9,"Rafa Mir · 11&rsquor;",3,0,"https://fbref.com/en/matches/1edcbf7a/Osasuna-Sevilla-August-12-2022-La-Liga","Osasuna","Home","aimar oroz","/en/players/7c363088/Aimar-Oroz",29,"ESP","FW",NA,"20-258",80,1,0,1,1,0,0,0,0,27,1,1,1,0.8,0,0,6,2,22,22,100,2,19,0,0,0,"La Liga","M","ESP","1st",2023,22,22,100,356,90,12,12,100,9,9,100,1,1,100,0,0,1,1,1,0,2,22,20,2,0,0,0,0,0,0,0,0,0,22,0,0,1,0,0,0,1,0,1,0,1,1,0,1,2,0,0,27,0,3,14,10,2,26,0,0,0,76,14,0,0,0,2,19,3,0,1,1,0,0,0,0,0,0,2,0,2,0,"CF","Attacker",7.72,"M",7.1,"FW",7.05
2,"https://fbref.com/en/matches/1edcbf7a/Osasuna-Sevilla-August-12-2022-La-Liga","La Liga","12/08/2022","La Liga (Matchweek 1)","osasuna","04/04/2002",2,1.5,"Ezequiel Ávila · 9&rsquor; Aimar Oroz (P) · 74&rsquor;",5,0,"sevilla","4-2-3-1",1,0.9,"Rafa Mir · 11&rsquor;",3,0,"https://fbref.com/en/matches/1edcbf7a/Osasuna-Sevilla-August-12-2022-La-Liga","Osasuna","Home","pablo ibanez","/en/players/3701906c/Pablo-Ibanez",19,"ESP","CM",NA,"23-326",10,0,0,0,0,0,0,0,0,6,0,0,1,0,0,0,1,0,2,4,50,1,4,0,0,0,"La Liga","M","ESP","1st",2023,2,4,50,28,19,1,1,100,1,2,50,0,1,0,0,0,1,1,0,0,1,4,4,0,0,0,0,0,0,0,0,0,0,2,0,0,0,0,0,0,0,0,0,0,0,1,0,1,0,0,0,6,0,2,3,1,0,6,0,0,0,12,10,0,0,0,0,3,0,0,0,0,0,0,0,0,0,0,1,0,0,0,"","Substitute",NA,NA,NA,"Sub",6.07
3,"https://fbref.com/en/matches/1edcbf7a/Osasuna-Sevilla-August-12-2022-La-Liga","La Liga","12/08/2022","La Liga (Matchweek 1)","osasuna","04/04/2002",2,1.5,"Ezequiel Ávila · 9&rsquor; Aimar Oroz (P) · 74&rsquor;",5,0,"sevilla","4-2-3-1",1,0.9,"Rafa Mir · 11&rsquor;",3,0,"https://fbref.com/en/matches/1edcbf7a/Osasuna-Sevilla-August-12-2022-La-Liga","Osasuna","Home","ezequiel avila","/en/players/253a06b9/Ezequiel-Avila",9,"ARG","FW",NA,"28-187",80,1,0,0,0,6,1,1,0,21,0,0,0,0.5,0.5,0,2,0,5,9,55.6,2,18,0,3,2,"La Liga","M","ESP","1st",2023,5,9,55.6,90,21,2,2,100,2,4,50,1,2,50,0,0,0,0,0,0,2,9,9,0,0,0,0,3,0,0,0,0,0,5,0,1,0,0,0,0,0,0,1,0,1,0,0,0,0,0,0,21,0,2,5,14,3,21,66.7,1,33.3,67,20,0,0,3,0,17,2,0,0,4,4,3,0,0,0,0,1,0,1,0,"CF","Attacker",7.91,NA,NA,"FW",7.2
4,"https://fbref.com/en/matches/1edcbf7a/Osasuna-Sevilla-August-12-2022-La-Liga","La Liga","12/08/2022","La Liga (Matchweek 1)","osasuna","04/04/2002",2,1.5,"Ezequiel Ávila · 9&rsquor; Aimar Oroz (P) · 74&rsquor;",5,0,"sevilla","4-2-3-1",1,0.9,"Rafa Mir · 11&rsquor;",3,0,"https://fbref.com/en/matches/1edcbf7a/Osasuna-Sevilla-August-12-2022-La-Liga","Osasuna","Home","kike","/en/players/e897d8ba/Kike",18,"ESP","FW",NA,"32-260",10,0,0,0,0,1,1,0,0,8,0,0,0,0,0,0,0,0,1,3,33.3,0,4,1,1,1,"La Liga","M","ESP","1st",2023,1,3,33.3,9,0,1,1,100,0,0,0,0,1,0,0,0,0,0,0,0,0,3,3,0,0,0,0,0,0,0,0,0,0,1,0,0,0,0,0,0,0,0,0,0,0,0,0,0,0,1,0,8,2,2,3,3,0,8,100,0,0,22,12,0,0,2,0,5,1,0,0,0,0,0,0,0,0,0,1,2,1,66.7,"","Substitute",NA,NA,NA,"Sub",6.46
5,"https://fbref.com/en/matches/1edcbf7a/Osasuna-Sevilla-August-12-2022-La-Liga","La Liga","12/08/2022","La Liga (Matchweek 1)","osasuna","04/04/2002",2,1.5,"Ezequiel Ávila · 9&rsquor; Aimar Oroz (P) · 74&rsquor;",5,0,"sevilla","4-2-3-1",1,0.9,"Rafa Mir · 11&rsquor;",3,0,"https://fbref.com/en/matches/1edcbf7a/Osasuna-Sevilla-August-12-2022-La-Liga","Osasuna","Home","moi gomez","/en/players/5a626448/Moi-Gomez",16,"ESP","LM","RM","28-050",90,0,0,0,0,2,1,1,0,45,0,2,0,0.1,0.1,0.1,4,0,22,38,57.9,3,28,2,1,0,"La Liga","M","ESP","1st",2023,22,38,57.9,530,127,7,8,87.5,10,15,66.7,5,11,45.5,0.1,0.1,4,3,2,1,3,38,26,8,3,0,2,10,0,5,2,3,0,22,4,0,0,0,0,0,0,0,0,0,0,0,0,0,2,0,0,45,0,5,22,21,0,45,0,1,100,213,63,3,0,1,1,23,6,0,1,0,0,10,0,0,0,0,6,0,2,0,"LM","Midfielder",7.83,"M",7.2,"ML",6.99
6,"https://fbref.com/en/matches/1edcbf7a/Osasuna-Sevilla-August-12-2022-La-Liga","La Liga","12/08/2022","La Liga (Matchweek 1)","osasuna","04/04/2002",2,1.5,"Ezequiel Ávila · 9&rsquor; Aimar Oroz (P) · 74&rsquor;",5,0,"sevilla","4-2-3-1",1,0.9,"Rafa Mir · 11&rsquor;",3,0,"https://fbref.com/en/matches/1edcbf7a/Osasuna-Sevilla-August-12-2022-La-Liga","Osasuna","Home","lucas torro","/en/players/0e4fef6e/Lucas-Torro",6,"ESP","CM","DM","28-024",90,0,0,0,0,1,1,0,0,24,2,0,0,0,0,0,2,0,16,20,80,2,11,0,1,0,"La Liga","M","ESP","1st",2023,16,20,80,259,83,7,10,70,7,7,100,1,2,50,0,0,0,1,0,0,2,20,20,0,0,0,0,0,0,0,0,0,0,16,0,0,2,2,0,1,1,1,1,100,0,0,0,0,2,1,0,24,2,4,13,7,0,24,0,0,0,68,19,1,0,1,0,12,0,0,2,2,0,0,2,0,0,0,3,0,2,0,"CM","Midfielder",7.01,"M",6.8,"MC",6.56
7,"https://fbref.com/en/matches/1edcbf7a/Osasuna-Sevilla-August-12-2022-La-Liga","La Liga","12/08/2022","La Liga (Matchweek 1)","osasuna","04/04/2002",2,1.5,"Ezequiel Ávila · 9&rsquor; Aimar Oroz (P) · 74&rsquor;",5,0,"sevilla","4-2-3-1",1,0.9,"Rafa Mir · 11&rsquor;",3,0,"https://fbref.com/en/matches/1edcbf7a/Osasuna-Sevilla-August-12-2022-La-Liga","Osasuna","Home","jon moncayola","/en/players/9939e168/Jon-Moncayola",7,"ESP","CM",NA,"24-091",90,0,0,0,0,1,0,0,0,39,2,0,0,0,0,0,1,1,28,34,82.4,6,18,0,0,0,"La Liga","M","ESP","1st",2023,28,34,82.4,660,171,11,13,84.6,9,11,81.8,8,9,88.9,0,0,0,7,0,0,6,34,32,1,1,0,2,2,0,0,0,0,0,28,1,0,2,2,1,0,1,1,3,33.3,2,0,0,0,2,1,0,39,1,10,22,7,0,39,0,0,0,53,14,0,0,1,0,28,0,0,1,1,0,2,2,1,0,0,3,0,0,0,"CM","Midfielder",7.44,"M",7,"MC",6.74
8,"https://fbref.com/en/matches/1edcbf7a/Osasuna-Sevilla-August-12-2022-La-Liga","La Liga","12/08/2022","La Liga (Matchweek 1)","osasuna","04/04/2002",2,1.5,"Ezequiel Ávila · 9&rsquor; Aimar Oroz (P) · 74&rsquor;",5,0,"sevilla","4-2-3-1",1,0.9,"Rafa Mir · 11&rsquor;",3,0,"https://fbref.com/en/matches/1edcbf7a/Osasuna-Sevilla-August-12-2022-La-Liga","Osasuna","Home","kike barja","/en/players/aad53e64/Kike-Barja",11,"ESP","RM",NA,"25-133",55,0,0,0,0,0,0,0,0,19,1,0,0,0,0,0.3,2,0,7,12,58.3,1,11,1,3,0,"La Liga","M","ESP","1st",2023,7,12,58.3,105,18,3,3,100,3,7,42.9,0,1,0,0.3,0,1,0,1,0,1,12,12,0,0,0,0,2,0,0,0,0,0,7,0,0,1,0,0,1,0,0,1,0,1,0,0,0,1,0,0,19,0,0,12,7,1,19,0,3,100,61,22,0,0,2,2,16,5,0,2,0,1,2,0,0,0,0,0,0,0,0,"RM","Midfielder",5.8,"F",5.8,"MR",5.88
9,"https://fbref.com/en/matches/1edcbf7a/Osasuna-Sevilla-August-12-2022-La-Liga","La Liga","12/08/2022","La Liga (Matchweek 1)","osasuna","04/04/2002",2,1.5,"Ezequiel Ávila · 9&rsquor; Aimar Oroz (P) · 74&rsquor;",5,0,"sevilla","4-2-3-1",1,0.9,"Rafa Mir · 11&rsquor;",3,0,"https://fbref.com/en/matches/1edcbf7a/Osasuna-Sevilla-August-12-2022-La-Liga","Osasuna","Home","nacho vidal","/en/players/3a9c4b7b/Nacho-Vidal",2,"ESP","RB",NA,"27-200",35,0,0,0,0,0,0,0,0,17,1,0,0,0,0,0,0,0,9,16,56.3,0,3,1,0,0,"La Liga","M","ESP","1st",2023,9,16,56.3,153,80,4,4,100,4,6,66.7,1,5,20,0,0,0,0,0,0,0,16,10,6,0,0,0,1,6,0,0,0,0,9,0,1,1,1,1,0,0,0,1,0,1,0,0,0,1,0,0,17,0,2,10,5,1,17,0,0,0,20,8,0,1,0,0,6,0,0,1,0,0,1,1,0,0,0,0,0,0,0,"","Substitute",6.08,"D",6.4,"Sub",6.14
10,"https://fbref.com/en/matches/1edcbf7a/Osasuna-Sevilla-August-12-2022-La-Liga","La Liga","12/08/2022","La Liga (Matchweek 1)","osasuna","04/04/2002",2,1.5,"Ezequiel Ávila · 9&rsquor; Aimar Oroz (P) · 74&rsquor;",5,0,"sevilla","4-2-3-1",1,0.9,"Rafa Mir · 11&rsquor;",3,0,"https://fbref.com/en/matches/1edcbf7a/Osasuna-Sevilla-August-12-2022-La-Liga","Osasuna","Home","juan cruz armada","/en/players/a56da3ba/Juan-Cruz-Armada",3,"ESP","LB","CB","30-015",90,0,0,0,0,0,0,0,0,36,1,0,1,0,0,0,0,0,20,26,76.9,2,11,0,0,0,"La Liga","M","ESP","1st",2023,20,26,76.9,328,137,10,11,90.9,9,11,81.8,1,3,33.3,0,0,0,2,0,0,2,26,17,9,1,0,0,1,8,0,0,0,0,20,0,1,1,0,0,1,0,0,0,0,0,1,1,0,1,3,0,36,5,11,20,6,0,36,0,0,0,35,15,1,0,1,0,14,2,0,2,0,0,1,0,0,0,0,3,0,1,0,"LB","Defender",6.45,NA,NA,"DL",NA
11,"https://fbref.com/en/matches/1edcbf7a/Osasuna-Sevilla-August-12-2022-La-Liga","La Liga","12/08/2022","La Liga (Matchweek 1)","osasuna","04/04/2002",2,1.5,"Ezequiel Ávila · 9&rsquor; Aimar Oroz (P) · 74&rsquor;",5,0,"sevilla","4-2-3-1",1,0.9,"Rafa Mir · 11&rsquor;",3,0,"https://fbref.com/en/matches/1edcbf7a/Osasuna-Sevilla-August-12-2022-La-Liga","Osasuna","Home","david garcia","/en/players/3e42f707/David-Garcia",5,"ESP","CB",NA,"28-179",90,0,0,0,0,0,0,1,0,44,2,2,1,0,0,0,1,0,24,32,75,2,22,0,0,0,"La Liga","M","ESP","1st",2023,24,32,75,533,262,8,10,80,11,12,91.7,5,10,50,0,0,0,4,0,0,2,32,31,1,1,0,1,0,0,0,0,0,0,24,0,0,2,1,1,1,0,2,2,100,0,1,1,0,4,2,0,44,5,26,17,1,0,44,0,0,0,91,38,1,0,3,0,23,0,0,3,0,0,0,1,0,0,0,4,2,3,40,"CB","Defender",6.87,"D",6.7,"DC",6.44
12,"https://fbref.com/en/matches/1edcbf7a/Osasuna-Sevilla-August-12-2022-La-Liga","La Liga","12/08/2022","La Liga (Matchweek 1)","osasuna","04/04/2002",2,1.5,"Ezequiel Ávila · 9&rsquor; Aimar Oroz (P) · 74&rsquor;",5,0,"sevilla","4-2-3-1",1,0.9,"Rafa Mir · 11&rsquor;",3,0,"https://fbref.com/en/matches/1edcbf7a/Osasuna-Sevilla-August-12-2022-La-Liga","Osasuna","Home","unai garcia","/en/players/4a633cfe/Unai-Garcia",4,"ESP","CB",NA,"30-190",78,0,0,0,0,0,0,1,0,36,0,0,1,0,0,0,0,0,29,31,93.5,3,14,0,0,0,"La Liga","M","ESP","1st",2023,29,31,93.5,675,235,7,8,87.5,14,14,100,7,8,87.5,0,0,0,4,0,0,3,31,31,0,0,0,1,0,0,0,0,0,0,29,0,0,0,0,0,0,0,0,0,0,0,1,1,0,0,4,0,36,5,12,24,0,0,36,0,0,0,104,87,0,0,0,0,21,0,0,2,0,0,0,0,0,0,0,3,1,2,33.3,"CB","Defender",6.58,"D",6.7,"DC",6.27
13,"https://fbref.com/en/matches/1edcbf7a/Osasuna-Sevilla-August-12-2022-La-Liga","La Liga","12/08/2022","La Liga (Matchweek 1)","osasuna","04/04/2002",2,1.5,"Ezequiel Ávila · 9&rsquor; Aimar Oroz (P) · 74&rsquor;",5,0,"sevilla","4-2-3-1",1,0.9,"Rafa Mir · 11&rsquor;",3,0,"https://fbref.com/en/matches/1edcbf7a/Osasuna-Sevilla-August-12-2022-La-Liga","Osasuna","Home","manu sanchez","/en/players/ffacd3d5/Manu-Sanchez",20,"ESP","LB","CB","21-353",12,0,0,0,0,0,0,0,0,6,1,0,0,0,0,0,0,0,2,2,100,0,2,0,1,0,"La Liga","M","ESP","1st",2023,2,2,100,50,0,1,1,100,0,0,0,1,1,100,0,0,0,0,0,0,0,2,2,0,0,0,0,0,0,0,0,0,0,2,0,0,1,1,1,0,0,1,1,100,0,0,0,0,1,2,0,6,2,4,1,1,0,6,0,1,100,16,0,0,0,0,0,1,0,0,0,0,0,0,1,0,0,0,1,1,0,100,"","Substitute",6.49,NA,NA,"Sub",6.32
14,"https://fbref.com/en/matches/1edcbf7a/Osasuna-Sevilla-August-12-2022-La-Liga","La Liga","12/08/2022","La Liga (Matchweek 1)","osasuna","04/04/2002",2,1.5,"Ezequiel Ávila · 9&rsquor; Aimar Oroz (P) · 74&rsquor;",5,0,"sevilla","4-2-3-1",1,0.9,"Rafa Mir · 11&rsquor;",3,0,"https://fbref.com/en/matches/1edcbf7a/Osasuna-Sevilla-August-12-2022-La-Liga","Osasuna","Home","ruben pena","/en/players/1f079188/Ruben-Pena",15,"ESP","RB","RM","31-025",61,0,1,0,0,0,0,0,0,28,0,0,1,0,0,0.1,1,1,14,20,70,1,14,3,0,0,"La Liga","M","ESP","1st",2023,14,20,70,212,73,10,11,90.9,3,5,60,1,3,33.3,0.1,0.1,1,1,1,1,1,20,16,4,0,0,0,3,4,0,0,0,0,14,0,0,0,0,0,0,0,0,0,0,0,1,0,1,0,2,0,28,1,7,11,11,3,28,0,0,0,106,89,1,1,0,0,12,3,0,1,0,0,3,0,0,0,0,4,0,3,0,"RB","Defender",7.24,"D",6.8,"DR",6.65
15,"https://fbref.com/en/matches/1edcbf7a/Osasuna-Sevilla-August-12-2022-La-Liga","La Liga","12/08/2022","La Liga (Matchweek 1)","osasuna","04/04/2002",2,1.5,"Ezequiel Ávila · 9&rsquor; Aimar Oroz (P) · 74&rsquor;",5,0,"sevilla","4-2-3-1",1,0.9,"Rafa Mir · 11&rsquor;",3,0,"https://fbref.com/en/matches/1edcbf7a/Osasuna-Sevilla-August-12-2022-La-Liga","Osasuna","Home","darko brasanac","/en/players/4accb7e0/Darko-Brasanac",8,"SRB","LM",NA,"30-181",29,0,0,0,0,0,0,0,0,11,0,0,0,0,0,0,1,0,4,6,66.7,0,3,0,2,0,"La Liga","M","ESP","1st",2023,4,6,66.7,41,1,4,4,100,0,1,0,0,0,0,0,0,0,0,0,0,0,6,5,1,0,0,0,0,1,0,0,0,0,4,0,1,0,0,0,0,0,0,0,0,0,0,0,0,0,2,0,11,2,3,4,4,0,11,0,1,50,17,6,0,0,0,0,5,1,0,0,1,0,0,0,0,0,0,1,1,1,50,"","Substitute",6.34,"M",6.5,"Sub",6.26
16,"https://fbref.com/en/matches/1edcbf7a/Osasuna-Sevilla-August-12-2022-La-Liga","La Liga","12/08/2022","La Liga (Matchweek 1)","osasuna","04/04/2002",2,1.5,"Ezequiel Ávila · 9&rsquor; Aimar Oroz (P) · 74&rsquor;",5,0,"sevilla","4-2-3-1",1,0.9,"Rafa Mir · 11&rsquor;",3,0,"https://fbref.com/en/matches/1edcbf7a/Osasuna-Sevilla-August-12-2022-La-Liga","Osasuna","Home","sergio herrera","/en/players/a4995f48/Sergio-Herrera",1,"ESP","GK",NA,"29-068",90,0,0,0,0,0,0,1,0,34,0,0,0,0,0,0,0,0,20,32,62.5,0,27,0,0,0,"La Liga","M","ESP","1st",2023,20,32,62.5,748,584,0,0,0,10,10,100,10,22,45.5,0,0,0,5,0,0,0,32,25,7,3,0,0,0,0,0,0,0,0,20,0,0,0,0,0,0,0,0,0,0,0,0,0,0,0,1,0,34,24,33,1,0,0,34,0,0,0,193,108,0,0,0,0,14,0,0,0,0,0,0,0,0,0,0,0,1,0,100,"GK","Keeper",7.58,"G",6.9,"GK",6.76
17,"https://fbref.com/en/matches/1edcbf7a/Osasuna-Sevilla-August-12-2022-La-Liga","La Liga","12/08/2022","La Liga (Matchweek 1)","osasuna","04/04/2002",2,1.5,"Ezequiel Ávila · 9&rsquor; Aimar Oroz (P) · 74&rsquor;",5,0,"sevilla","4-2-3-1",1,0.9,"Rafa Mir · 11&rsquor;",3,0,"https://fbref.com/en/matches/1edcbf7a/Osasuna-Sevilla-August-12-2022-La-Liga","Sevilla","Away","rafa mir","/en/players/bbf5c11b/Rafa-Mir",12,"ESP","FW",NA,"25-055",62,1,0,0,0,4,1,0,0,15,0,0,0,0.5,0.5,0,0,0,4,6,66.7,0,7,1,0,0,"La Liga","M","ESP","1st",2023,4,6,66.7,42,0,3,5,60,1,1,100,0,0,0,0,0,0,0,0,0,0,6,4,2,0,0,0,0,0,0,0,0,0,4,0,0,0,0,0,0,0,0,0,0,0,0,0,0,0,2,0,15,2,4,5,6,3,15,0,0,0,18,13,0,1,1,1,8,1,0,0,2,1,0,0,0,0,0,1,1,0,100,"ST","Attacker",7.44,"F",7.3,"FW",7.25
18,"https://fbref.com/en/matches/1edcbf7a/Osasuna-Sevilla-August-12-2022-La-Liga","La Liga","12/08/2022","La Liga (Matchweek 1)","osasuna","04/04/2002",2,1.5,"Ezequiel Ávila · 9&rsquor; Aimar Oroz (P) · 74&rsquor;",5,0,"sevilla","4-2-3-1",1,0.9,"Rafa Mir · 11&rsquor;",3,0,"https://fbref.com/en/matches/1edcbf7a/Osasuna-Sevilla-August-12-2022-La-Liga","Sevilla","Away","youssef ennesyri","/en/players/04e17fd5/Youssef-En-Nesyri",15,"MAR","FW",NA,"25-072",28,0,0,0,0,1,1,0,0,11,1,0,0,0,0,0,0,0,4,5,80,0,4,0,1,0,"La Liga","M","ESP","1st",2023,4,5,80,67,12,2,2,100,2,3,66.7,0,0,0,0,0,0,1,0,0,0,5,3,2,0,0,0,0,1,0,0,0,0,4,0,0,1,0,0,1,0,1,1,100,0,0,0,0,1,1,0,11,1,1,6,4,3,11,0,1,100,4,0,0,0,2,0,6,2,0,0,0,0,0,0,0,0,0,0,1,2,33.3,"","Substitute",6.04,"F",6.6,"Sub",6.17
19,"https://fbref.com/en/matches/1edcbf7a/Osasuna-Sevilla-August-12-2022-La-Liga","La Liga","12/08/2022","La Liga (Matchweek 1)","osasuna","04/04/2002",2,1.5,"Ezequiel Ávila · 9&rsquor; Aimar Oroz (P) · 74&rsquor;",5,0,"sevilla","4-2-3-1",1,0.9,"Rafa Mir · 11&rsquor;",3,0,"https://fbref.com/en/matches/1edcbf7a/Osasuna-Sevilla-August-12-2022-La-Liga","Sevilla","Away","lucas ocampos","/en/players/a08b974a/Lucas-Ocampos",5,"ARG","LW",NA,"28-032",79,0,0,0,0,0,0,0,0,35,2,1,0,0,0,0,3,0,25,30,83.3,1,31,1,2,2,"La Liga","M","ESP","1st",2023,25,30,83.3,355,73,16,16,100,7,8,87.5,1,2,50,0,0.1,0,1,1,0,1,30,30,0,0,0,0,0,0,0,0,0,0,25,0,1,2,1,0,2,0,1,1,100,0,0,0,0,3,1,0,35,1,4,24,8,2,35,100,0,0,136,25,0,1,2,0,28,7,0,0,3,0,0,1,0,0,0,7,2,0,100,"LW","Midfielder",7.57,"M",7.1,"AML",6.88
20,"https://fbref.com/en/matches/1edcbf7a/Osasuna-Sevilla-August-12-2022-La-Liga","La Liga","12/08/2022","La Liga (Matchweek 1)","osasuna","04/04/2002",2,1.5,"Ezequiel Ávila · 9&rsquor; Aimar Oroz (P) · 74&rsquor;",5,0,"sevilla","4-2-3-1",1,0.9,"Rafa Mir · 11&rsquor;",3,0,"https://fbref.com/en/matches/1edcbf7a/Osasuna-Sevilla-August-12-2022-La-Liga","Sevilla","Away","alex telles","/en/players/e73c9bb2/Alex-Telles",3,"BRA","LW",NA,"29-240",11,0,0,0,0,0,0,0,0,5,0,0,0,0,0,0,0,0,3,5,60,0,3,1,2,2,"La Liga","M","ESP","1st",2023,3,5,60,37,11,2,3,66.7,1,2,50,0,0,0,0,0,0,0,0,0,0,5,4,1,0,0,0,0,1,0,0,0,0,3,0,0,0,0,0,0,0,0,0,0,0,0,0,0,0,0,0,5,0,1,2,2,0,5,100,0,0,16,8,0,0,0,0,3,2,0,0,0,0,0,0,0,0,0,0,0,0,0,"","Substitute",6.49,"D",6.6,"Sub",6.32
21,"https://fbref.com/en/matches/1edcbf7a/Osasuna-Sevilla-August-12-2022-La-Liga","La Liga","12/08/2022","La Liga (Matchweek 1)","osasuna","04/04/2002",2,1.5,"Ezequiel Ávila · 9&rsquor; Aimar Oroz (P) · 74&rsquor;",5,0,"sevilla","4-2-3-1",1,0.9,"Rafa Mir · 11&rsquor;",3,0,"https://fbref.com/en/matches/1edcbf7a/Osasuna-Sevilla-August-12-2022-La-Liga","Sevilla","Away","jesus corona","/en/players/fb938d24/Jesus-Corona",9,"MEX","RW",NA,"29-218",62,0,0,0,0,0,0,0,0,25,1,0,0,0,0,0.2,2,0,16,20,80,1,19,1,1,0,"La Liga","M","ESP","1st",2023,16,20,80,239,6,9,9,100,6,8,75,1,3,33.3,0.2,0.1,1,0,0,0,1,20,19,1,0,0,1,2,1,0,0,0,0,16,0,0,1,0,1,0,0,0,0,0,0,0,0,0,1,0,0,25,0,4,10,11,3,25,0,1,100,76,33,1,0,1,1,23,5,0,1,3,0,2,0,0,0,0,2,0,1,0,"RW","Midfielder",6.14,"M",6.5,"AMR",6.2
22,"https://fbref.com/en/matches/1edcbf7a/Osasuna-Sevilla-August-12-2022-La-Liga","La Liga","12/08/2022","La Liga (Matchweek 1)","osasuna","04/04/2002",2,1.5,"Ezequiel Ávila · 9&rsquor; Aimar Oroz (P) · 74&rsquor;",5,0,"sevilla","4-2-3-1",1,0.9,"Rafa Mir · 11&rsquor;",3,0,"https://fbref.com/en/matches/1edcbf7a/Osasuna-Sevilla-August-12-2022-La-Liga","Sevilla","Away","erik lamela","/en/players/abe66106/Erik-Lamela",17,"ARG","RW",NA,"30-161",28,0,0,0,0,1,0,0,0,21,0,1,1,0,0,0,2,0,12,16,75,3,14,1,1,0,"La Liga","M","ESP","1st",2023,12,16,75,237,24,4,5,80,7,9,77.8,1,1,100,0,0,0,0,1,0,3,16,13,2,0,0,0,1,2,0,0,0,0,12,1,0,0,0,0,0,0,0,0,0,0,1,0,1,1,0,0,21,0,0,7,14,1,21,0,1,100,107,55,1,1,1,0,15,4,0,1,0,0,1,0,0,0,0,0,1,0,100,"","Substitute",6.03,"M",6.5,"Sub",6.08
23,"https://fbref.com/en/matches/1edcbf7a/Osasuna-Sevilla-August-12-2022-La-Liga","La Liga","12/08/2022","La Liga (Matchweek 1)","osasuna","04/04/2002",2,1.5,"Ezequiel Ávila · 9&rsquor; Aimar Oroz (P) · 74&rsquor;",5,0,"sevilla","4-2-3-1",1,0.9,"Rafa Mir · 11&rsquor;",3,0,"https://fbref.com/en/matches/1edcbf7a/Osasuna-Sevilla-August-12-2022-La-Liga","Sevilla","Away","papu gomez","/en/players/6e4df551/Papu-Gomez",24,"ARG","AM",NA,"34-178",79,0,1,0,0,1,1,1,0,47,1,1,1,0.2,0.2,0.3,6,1,34,40,85,3,36,2,2,1,"La Liga","M","ESP","1st",2023,34,40,85,656,132,15,15,100,15,18,83.3,4,6,66.7,0.3,0.3,3,6,0,0,3,40,39,1,0,0,2,1,0,1,0,0,0,34,0,0,1,1,1,0,0,0,0,0,0,1,1,0,2,0,0,47,2,10,26,12,3,47,50,1,50,173,69,3,0,2,0,39,3,0,1,2,1,1,1,0,1,0,3,1,0,100,"AM","Midfielder",7.54,"M",7.3,"AMC",7.04
24,"https://fbref.com/en/matches/1edcbf7a/Osasuna-Sevilla-August-12-2022-La-Liga","La Liga","12/08/2022","La Liga (Matchweek 1)","osasuna","04/04/2002",2,1.5,"Ezequiel Ávila · 9&rsquor; Aimar Oroz (P) · 74&rsquor;",5,0,"sevilla","4-2-3-1",1,0.9,"Rafa Mir · 11&rsquor;",3,0,"https://fbref.com/en/matches/1edcbf7a/Osasuna-Sevilla-August-12-2022-La-Liga","Sevilla","Away","ivan romero","/en/players/2fbe6af0/Ivan-Romero",36,"ESP","AM",NA,"21-124",11,0,0,0,0,0,0,1,0,5,0,0,0,0,0,0,0,0,1,3,33.3,0,4,0,0,0,"La Liga","M","ESP","1st",2023,1,3,33.3,12,2,1,2,50,0,1,0,0,0,0,0,0,0,0,0,0,0,3,3,0,0,0,0,0,0,0,0,0,0,1,0,0,0,0,0,0,0,0,0,0,0,0,0,0,0,0,0,5,0,0,3,2,0,5,0,0,0,19,1,0,0,1,1,4,0,0,1,1,0,0,0,0,0,0,0,1,0,100,"","Substitute",5.89,"F",6.5,"Sub",5.92
25,"https://fbref.com/en/matches/1edcbf7a/Osasuna-Sevilla-August-12-2022-La-Liga","La Liga","12/08/2022","La Liga (Matchweek 1)","osasuna","04/04/2002",2,1.5,"Ezequiel Ávila · 9&rsquor; Aimar Oroz (P) · 74&rsquor;",5,0,"sevilla","4-2-3-1",1,0.9,"Rafa Mir · 11&rsquor;",3,0,"https://fbref.com/en/matches/1edcbf7a/Osasuna-Sevilla-August-12-2022-La-Liga","Sevilla","Away","thomas delaney","/en/players/fe641c1a/Thomas-Delaney",18,"DEN","DM",NA,"30-343",79,0,0,0,0,1,0,0,0,49,2,1,1,0,0,0,0,0,36,40,90,1,35,0,0,0,"La Liga","M","ESP","1st",2023,36,40,90,652,132,17,17,100,12,14,85.7,6,7,85.7,0,0,0,1,1,0,1,40,40,0,0,0,1,1,0,0,0,0,0,36,0,0,2,1,0,2,0,1,1,100,0,1,1,0,3,2,0,49,5,21,24,4,1,49,0,0,0,110,32,0,0,1,1,38,1,0,1,0,0,1,1,0,0,0,2,1,1,50,"DM","Midfielder",6.88,"M",7,"DMC",6.69
26,"https://fbref.com/en/matches/1edcbf7a/Osasuna-Sevilla-August-12-2022-La-Liga","La Liga","12/08/2022","La Liga (Matchweek 1)","osasuna","04/04/2002",2,1.5,"Ezequiel Ávila · 9&rsquor; Aimar Oroz (P) · 74&rsquor;",5,0,"sevilla","4-2-3-1",1,0.9,"Rafa Mir · 11&rsquor;",3,0,"https://fbref.com/en/matches/1edcbf7a/Osasuna-Sevilla-August-12-2022-La-Liga","Sevilla","Away","ivan rakitic","/en/players/89f951b5/Ivan-Rakitic",10,"CRO","DM",NA,"34-155",11,0,0,0,0,0,0,0,0,11,0,0,0,0,0,0,1,0,8,11,72.7,2,9,0,0,0,"La Liga","M","ESP","1st",2023,8,11,72.7,148,52,2,2,100,6,6,100,0,1,0,0,0,0,0,0,0,2,11,11,0,0,0,0,0,0,0,0,0,0,8,0,0,0,0,0,0,0,0,0,0,0,0,0,0,0,0,0,11,0,0,7,4,0,11,0,0,0,16,6,0,0,0,0,11,1,0,0,2,0,0,0,0,0,0,0,1,1,50,"","Substitute",6.24,"M",6.6,"Sub",6.12
27,"https://fbref.com/en/matches/1edcbf7a/Osasuna-Sevilla-August-12-2022-La-Liga","La Liga","12/08/2022","La Liga (Matchweek 1)","osasuna","04/04/2002",2,1.5,"Ezequiel Ávila · 9&rsquor; Aimar Oroz (P) · 74&rsquor;",5,0,"sevilla","4-2-3-1",1,0.9,"Rafa Mir · 11&rsquor;",3,0,"https://fbref.com/en/matches/1edcbf7a/Osasuna-Sevilla-August-12-2022-La-Liga","Sevilla","Away","fernando","/en/players/41f32541/Fernando",20,"BRA","DM",NA,"35-018",90,0,0,0,0,0,0,1,0,62,1,2,2,0,0,0,1,0,47,53,88.7,3,43,1,0,0,"La Liga","M","ESP","1st",2023,47,53,88.7,900,274,21,22,95.5,19,20,95,6,6,100,0,0,1,4,0,0,3,53,48,4,3,0,1,0,1,0,0,0,0,47,1,2,1,1,0,0,1,1,1,100,0,2,0,2,3,2,0,62,9,30,28,4,0,62,0,0,0,144,85,0,0,1,0,39,0,0,0,1,0,0,1,0,0,0,7,1,0,100,"DM","Midfielder",7.19,"M",7.2,"DMC",6.53
28,"https://fbref.com/en/matches/1edcbf7a/Osasuna-Sevilla-August-12-2022-La-Liga","La Liga","12/08/2022","La Liga (Matchweek 1)","osasuna","04/04/2002",2,1.5,"Ezequiel Ávila · 9&rsquor; Aimar Oroz (P) · 74&rsquor;",5,0,"sevilla","4-2-3-1",1,0.9,"Rafa Mir · 11&rsquor;",3,0,"https://fbref.com/en/matches/1edcbf7a/Osasuna-Sevilla-August-12-2022-La-Liga","Sevilla","Away","marcos acuna","/en/players/81442ecb/Marcos-Acuna",19,"ARG","LB",NA,"30-288",90,0,0,0,0,2,0,0,0,86,3,0,0,0,0,0,2,1,58,81,71.6,6,45,0,1,0,"La Liga","M","ESP","1st",2023,58,81,71.6,1158,469,34,38,89.5,13,19,68.4,10,21,47.6,0,0.1,1,3,2,1,6,81,66,15,6,0,3,7,8,1,0,1,0,58,0,0,3,3,0,3,0,2,2,100,0,0,0,0,3,0,0,86,1,24,49,14,0,86,0,1,100,128,58,3,0,0,1,55,3,0,0,2,0,7,3,0,0,0,5,3,2,60,"LB","Defender",7,"D",6.8,"DL",6.65
29,"https://fbref.com/en/matches/1edcbf7a/Osasuna-Sevilla-August-12-2022-La-Liga","La Liga","12/08/2022","La Liga (Matchweek 1)","osasuna","04/04/2002",2,1.5,"Ezequiel Ávila · 9&rsquor; Aimar Oroz (P) · 74&rsquor;",5,0,"sevilla","4-2-3-1",1,0.9,"Rafa Mir · 11&rsquor;",3,0,"https://fbref.com/en/matches/1edcbf7a/Osasuna-Sevilla-August-12-2022-La-Liga","Sevilla","Away","karim rekik","/en/players/3376a776/Karim-Rekik",4,"NED","CB",NA,"27-253",90,0,0,0,0,0,0,0,0,76,0,0,0,0,0,0,0,0,70,73,95.9,5,63,2,0,0,"La Liga","M","ESP","1st",2023,70,73,95.9,1381,410,18,18,100,45,46,97.8,6,8,75,0,0,0,3,0,0,5,73,73,0,0,0,1,0,0,0,0,0,0,70,0,0,0,0,0,0,0,0,0,0,0,0,0,0,0,1,0,76,8,42,32,4,0,76,0,0,0,342,210,3,0,1,1,69,0,0,2,0,0,0,0,0,0,0,4,1,0,100,"CB","Defender",6.08,"D",6.3,"DC",5.88
30,"https://fbref.com/en/matches/1edcbf7a/Osasuna-Sevilla-August-12-2022-La-Liga","La Liga","12/08/2022","La Liga (Matchweek 1)","osasuna","04/04/2002",2,1.5,"Ezequiel Ávila · 9&rsquor; Aimar Oroz (P) · 74&rsquor;",5,0,"sevilla","4-2-3-1",1,0.9,"Rafa Mir · 11&rsquor;",3,0,"https://fbref.com/en/matches/1edcbf7a/Osasuna-Sevilla-August-12-2022-La-Liga","Sevilla","Away","nemanja gudelj","/en/players/0076ab7f/Nemanja-Gudelj",6,"SRB","CB",NA,"30-269",90,0,0,0,0,0,0,0,0,83,1,0,1,0,0,0,0,0,68,70,97.1,4,44,0,0,0,"La Liga","M","ESP","1st",2023,68,70,97.1,1273,463,22,22,100,39,40,97.5,7,8,87.5,0,0,0,4,0,0,4,70,67,3,3,0,0,0,0,0,0,0,0,68,0,0,1,1,1,0,0,1,2,50,1,1,1,0,1,11,0,83,18,55,28,0,0,83,0,0,0,159,99,0,0,0,0,58,0,0,1,0,0,0,1,0,0,0,2,4,0,100,"CB","Defender",7.08,"D",6.9,"DC",6.89
31,"https://fbref.com/en/matches/1edcbf7a/Osasuna-Sevilla-August-12-2022-La-Liga","La Liga","12/08/2022","La Liga (Matchweek 1)","osasuna","04/04/2002",2,1.5,"Ezequiel Ávila · 9&rsquor; Aimar Oroz (P) · 74&rsquor;",5,0,"sevilla","4-2-3-1",1,0.9,"Rafa Mir · 11&rsquor;",3,0,"https://fbref.com/en/matches/1edcbf7a/Osasuna-Sevilla-August-12-2022-La-Liga","Sevilla","Away","jesus navas","/en/players/3f10bd22/Jesus-Navas",16,"ESP","RB",NA,"36-264",90,0,0,0,0,0,0,0,0,72,0,0,0,0,0,0,1,0,58,70,82.9,5,49,0,1,1,"La Liga","M","ESP","1st",2023,58,70,82.9,1201,261,18,20,90,28,32,87.5,11,17,64.7,0,0.1,1,4,3,1,5,70,56,14,4,0,2,6,10,0,0,0,0,58,0,0,0,0,0,0,0,0,2,0,2,0,0,0,0,2,0,72,1,24,32,18,0,72,100,0,0,285,83,1,0,0,0,53,5,0,1,0,0,6,0,0,0,0,2,0,1,0,"RB","Defender",6.51,"D",6.3,"DR",6.16
32,"https://fbref.com/en/matches/1edcbf7a/Osasuna-Sevilla-August-12-2022-La-Liga","La Liga","12/08/2022","La Liga (Matchweek 1)","osasuna","04/04/2002",2,1.5,"Ezequiel Ávila · 9&rsquor; Aimar Oroz (P) · 74&rsquor;",5,0,"sevilla","4-2-3-1",1,0.9,"Rafa Mir · 11&rsquor;",3,0,"https://fbref.com/en/matches/1edcbf7a/Osasuna-Sevilla-August-12-2022-La-Liga","Sevilla","Away","yassine bounou","/en/players/f6798fc3/Yassine-Bounou",13,"MAR","GK",NA,"31-129",90,0,0,0,0,0,0,0,0,47,0,0,0,0,0,0,0,0,36,43,83.7,0,27,0,0,0,"La Liga","M","ESP","1st",2023,36,43,83.7,977,550,4,4,100,21,21,100,11,18,61.1,0,0,0,1,0,0,0,43,35,8,3,0,0,0,0,0,0,0,0,36,0,0,0,0,0,0,0,0,0,0,0,0,0,0,0,1,0,47,42,47,0,0,0,47,0,0,0,152,78,0,0,0,0,30,0,0,0,0,0,0,0,0,0,0,1,0,0,0,"GK","Keeper",6.75,NA,NA,"GK",6.48
33,"https://fbref.com/en/matches/73b529f2/Celta-Vigo-Espanyol-August-13-2022-La-Liga","La Liga","13/08/2022","La Liga (Matchweek 1)","celta vigo","4-1-3-2",2,0.4,"Iago Aspas · 45+2&rsquor; Gonçalo Paciência · 63&rsquor;",5,0,"espanyol","04/03/2003",2,1.1,"Edu Expósito · 72&rsquor; Joselu (P) · 90+8&rsquor;",2,0,"https://fbref.com/en/matches/73b529f2/Celta-Vigo-Espanyol-August-13-2022-La-Liga","Celta Vigo","Home","goncalo paciencia","/en/players/962e54cb/Goncalo-Paciencia",9,"POR","FW",NA,"28-012",69,1,0,0,0,2,1,0,0,30,2,0,1,0.2,0.2,0,2,1,6,14,42.9,1,17,0,0,0,"La Liga","M","ESP","1st",2023,6,14,42.9,104,18,3,5,60,3,7,42.9,0,1,0,0,0,0,1,0,0,1,14,13,1,0,1,0,0,1,0,0,0,0,6,0,0,2,1,0,2,0,1,1,100,0,1,0,1,2,2,0,30,1,2,15,14,1,30,0,0,0,33,4,0,0,7,2,22,4,0,1,1,0,0,1,0,0,0,1,2,4,33.3,"CF","Attacker",7.04,"F",7.2,"FW",7.51
34,"https://fbref.com/en/matches/73b529f2/Celta-Vigo-Espanyol-August-13-2022-La-Liga","La Liga","13/08/2022","La Liga (Matchweek 1)","celta vigo","4-1-3-2",2,0.4,"Iago Aspas · 45+2&rsquor; Gonçalo Paciência · 63&rsquor;",5,0,"espanyol","04/03/2003",2,1.1,"Edu Expósito · 72&rsquor; Joselu (P) · 90+8&rsquor;",2,0,"https://fbref.com/en/matches/73b529f2/Celta-Vigo-Espanyol-August-13-2022-La-Liga","Celta Vigo","Home","carles perez","/en/players/a8f21b9f/Carles-Perez",7,"ESP","FW",NA,"24-178",21,0,0,0,0,0,0,0,0,17,1,0,0,0,0,0,0,0,11,12,91.7,0,8,0,1,0,"La Liga","M","ESP","1st",2023,11,12,91.7,147,20,5,6,83.3,5,5,100,0,0,0,0,0,0,0,0,0,0,12,11,1,0,0,0,0,0,0,0,0,0,11,0,0,1,1,0,1,0,0,1,0,1,0,0,0,1,0,0,17,0,1,9,7,1,17,0,1,100,34,1,1,0,2,1,11,1,0,1,0,0,0,1,0,0,0,0,1,2,33.3,"","Substitute",5.83,"F",6.3,"Sub",5.84
35,"https://fbref.com/en/matches/73b529f2/Celta-Vigo-Espanyol-August-13-2022-La-Liga","La Liga","13/08/2022","La Liga (Matchweek 1)","celta vigo","4-1-3-2",2,0.4,"Iago Aspas · 45+2&rsquor; Gonçalo Paciência · 63&rsquor;",5,0,"espanyol","04/03/2003",2,1.1,"Edu Expósito · 72&rsquor; Joselu (P) · 90+8&rsquor;",2,0,"https://fbref.com/en/matches/73b529f2/Celta-Vigo-Espanyol-August-13-2022-La-Liga","Celta Vigo","Home","iago aspas","/en/players/7dcf86f6/Iago-Aspas",10,"ESP","FW",NA,"35-012",90,1,0,0,0,3,1,1,0,47,0,0,1,0.1,0.1,0.1,4,0,34,39,87.2,4,35,2,0,0,"La Liga","M","ESP","1st",2023,34,39,87.2,441,81,24,26,92.3,6,8,75,3,3,100,0.1,0.1,3,3,0,0,4,39,39,0,0,0,1,0,0,0,0,0,0,34,0,1,0,0,0,0,0,0,0,0,0,1,0,1,0,0,0,47,0,0,23,24,3,47,0,0,0,170,71,1,0,2,4,44,8,0,1,2,1,0,0,0,0,0,1,1,1,50,"CF","Attacker",7.39,"F",7.4,"FW",7.31
36,"https://fbref.com/en/matches/73b529f2/Celta-Vigo-Espanyol-August-13-2022-La-Liga","La Liga","13/08/2022","La Liga (Matchweek 1)","celta vigo","4-1-3-2",2,0.4,"Iago Aspas · 45+2&rsquor; Gonçalo Paciência · 63&rsquor;",5,0,"espanyol","04/03/2003",2,1.1,"Edu Expósito · 72&rsquor; Joselu (P) · 90+8&rsquor;",2,0,"https://fbref.com/en/matches/73b529f2/Celta-Vigo-Espanyol-August-13-2022-La-Liga","Celta Vigo","Home","franco cervi","/en/players/5e1028e5/Franco-Cervi",11,"ARG","LM",NA,"28-079",89,0,0,0,0,0,0,0,0,46,3,2,1,0,0,0,0,0,29,36,80.6,2,21,1,0,0,"La Liga","M","ESP","1st",2023,29,36,80.6,396,143,21,22,95.5,5,8,62.5,2,3,66.7,0,0.1,0,3,1,1,2,36,34,2,0,0,0,4,1,1,0,1,0,29,0,1,3,0,0,3,0,2,5,40,3,1,0,1,5,2,0,46,1,8,25,13,1,46,0,0,0,139,70,4,1,0,1,27,4,0,2,2,0,4,0,0,0,0,8,1,0,100,"LW","Midfielder",6.91,"M",6.9,"MC",6.8
37,"https://fbref.com/en/matches/73b529f2/Celta-Vigo-Espanyol-August-13-2022-La-Liga","La Liga","13/08/2022","La Liga (Matchweek 1)","celta vigo","4-1-3-2",2,0.4,"Iago Aspas · 45+2&rsquor; Gonçalo Paciência · 63&rsquor;",5,0,"espanyol","04/03/2003",2,1.1,"Edu Expósito · 72&rsquor; Joselu (P) · 90+8&rsquor;",2,0,"https://fbref.com/en/matches/73b529f2/Celta-Vigo-Espanyol-August-13-2022-La-Liga","Celta Vigo","Home","oscar mingueza","/en/players/056269d7/Oscar-Mingueza",3,"ESP","LM",NA,"23-092",1,0,0,0,0,0,0,0,0,1,0,0,0,0,0,0,0,0,1,1,100,0,1,0,0,0,"La Liga","M","ESP","1st",2023,1,1,100,14,12,1,1,100,0,0,0,0,0,0,0,0,0,1,0,0,0,1,1,0,0,0,0,0,0,0,0,0,0,1,0,0,0,0,0,0,0,0,0,0,0,0,0,0,0,0,0,1,0,0,1,0,0,1,0,0,0,0,0,0,0,0,0,1,0,0,1,0,0,0,0,0,1,0,0,0,1,0,"","Substitute",NA,"D",4.6,"Sub",5.45
38,"https://fbref.com/en/matches/73b529f2/Celta-Vigo-Espanyol-August-13-2022-La-Liga","La Liga","13/08/2022","La Liga (Matchweek 1)","celta vigo","4-1-3-2",2,0.4,"Iago Aspas · 45+2&rsquor; Gonçalo Paciência · 63&rsquor;",5,0,"espanyol","04/03/2003",2,1.1,"Edu Expósito · 72&rsquor; Joselu (P) · 90+8&rsquor;",2,0,"https://fbref.com/en/matches/73b529f2/Celta-Vigo-Espanyol-August-13-2022-La-Liga","Celta Vigo","Home","oscar rodriguez arnaiz","/en/players/19709006/Oscar-Rodriguez-Arnaiz",5,"ESP","CM",NA,"24-046",84,0,0,0,0,1,0,0,0,73,2,1,1,0,0,0,3,1,52,64,81.3,6,38,0,1,1,"La Liga","M","ESP","1st",2023,52,64,81.3,713,233,34,37,91.9,17,21,81,1,4,25,0,0.1,1,5,1,0,6,64,60,4,3,0,0,2,0,1,0,1,0,52,0,0,2,0,1,1,0,1,2,50,1,1,0,1,3,2,0,73,2,11,51,13,0,73,100,0,0,131,58,1,0,1,0,56,2,0,1,4,0,2,0,0,0,0,7,1,2,33.3,"AM","Midfielder",7.48,NA,NA,"MC",6.85
39,"https://fbref.com/en/matches/73b529f2/Celta-Vigo-Espanyol-August-13-2022-La-Liga","La Liga","13/08/2022","La Liga (Matchweek 1)","celta vigo","4-1-3-2",2,0.4,"Iago Aspas · 45+2&rsquor; Gonçalo Paciência · 63&rsquor;",5,0,"espanyol","04/03/2003",2,1.1,"Edu Expósito · 72&rsquor; Joselu (P) · 90+8&rsquor;",2,0,"https://fbref.com/en/matches/73b529f2/Celta-Vigo-Espanyol-August-13-2022-La-Liga","Celta Vigo","Home","gabriel veiga","/en/players/35a6e5c7/Gabriel-Veiga",28,"ESP","CM",NA,"20-078",6,0,0,0,0,0,0,0,0,7,0,0,0,0,0,0,0,0,4,5,80,1,4,0,1,0,"La Liga","M","ESP","1st",2023,4,5,80,49,25,3,3,100,1,1,100,0,0,0,0,0,0,0,0,0,1,5,5,0,0,0,0,0,0,0,0,0,0,4,0,0,0,0,0,0,0,0,0,0,0,0,0,0,0,0,0,7,0,0,5,2,2,7,0,1,100,11,3,0,0,0,0,5,2,0,0,0,0,0,0,0,0,0,0,0,1,0,"","Substitute",NA,NA,NA,"Sub",5.87
40,"https://fbref.com/en/matches/73b529f2/Celta-Vigo-Espanyol-August-13-2022-La-Liga","La Liga","13/08/2022","La Liga (Matchweek 1)","celta vigo","4-1-3-2",2,0.4,"Iago Aspas · 45+2&rsquor; Gonçalo Paciência · 63&rsquor;",5,0,"espanyol","04/03/2003",2,1.1,"Edu Expósito · 72&rsquor; Joselu (P) · 90+8&rsquor;",2,0,"https://fbref.com/en/matches/73b529f2/Celta-Vigo-Espanyol-August-13-2022-La-Liga","Celta Vigo","Home","augusto solari","/en/players/3ca6106c/Augusto-Solari",21,"ARG","RM",NA,"30-222",45,0,1,0,0,0,0,0,0,27,0,0,0,0,0,0.1,3,1,21,26,80.8,3,17,2,0,0,"La Liga","M","ESP","1st",2023,21,26,80.8,306,65,11,12,91.7,8,10,80,1,2,50,0.1,0,2,2,0,0,3,26,25,0,0,0,0,0,0,0,0,0,0,21,1,0,0,0,0,0,0,0,2,0,2,0,0,0,0,0,0,27,0,1,19,7,2,27,0,0,0,54,33,0,0,1,1,21,4,0,2,1,0,0,0,0,0,0,4,1,1,50,"RW","Midfielder",6.89,"M",6.6,"MC",6.83
41,"https://fbref.com/en/matches/73b529f2/Celta-Vigo-Espanyol-August-13-2022-La-Liga","La Liga","13/08/2022","La Liga (Matchweek 1)","celta vigo","4-1-3-2",2,0.4,"Iago Aspas · 45+2&rsquor; Gonçalo Paciência · 63&rsquor;",5,0,"espanyol","04/03/2003",2,1.1,"Edu Expósito · 72&rsquor; Joselu (P) · 90+8&rsquor;",2,0,"https://fbref.com/en/matches/73b529f2/Celta-Vigo-Espanyol-August-13-2022-La-Liga","Celta Vigo","Home","renato tapia","/en/players/34269bdf/Renato-Tapia",14,"PER","RM",NA,"27-016",45,0,0,0,0,1,1,0,0,50,1,2,1,0,0,0,0,0,36,43,83.7,1,30,0,0,0,"La Liga","M","ESP","1st",2023,36,43,83.7,551,50,18,22,81.8,15,16,93.8,2,4,50,0,0,0,2,0,0,1,43,42,1,0,0,0,0,0,0,0,0,0,36,0,0,1,1,0,1,0,0,1,0,1,1,1,0,3,1,0,50,1,11,35,6,0,50,0,0,0,76,33,2,0,1,0,34,1,0,0,0,0,0,1,0,0,0,6,1,0,100,"","Substitute",7.02,"M",6.9,"Sub",6.6
42,"https://fbref.com/en/matches/73b529f2/Celta-Vigo-Espanyol-August-13-2022-La-Liga","La Liga","13/08/2022","La Liga (Matchweek 1)","celta vigo","4-1-3-2",2,0.4,"Iago Aspas · 45+2&rsquor; Gonçalo Paciência · 63&rsquor;",5,0,"espanyol","04/03/2003",2,1.1,"Edu Expósito · 72&rsquor; Joselu (P) · 90+8&rsquor;",2,0,"https://fbref.com/en/matches/73b529f2/Celta-Vigo-Espanyol-August-13-2022-La-Liga","Celta Vigo","Home","fran beltran","/en/players/ed5c5fa3/Fran-Beltran",8,"ESP","DM",NA,"23-191",90,0,0,0,0,1,0,0,0,77,2,1,0,0.1,0.1,0,1,0,63,68,92.6,5,46,0,0,0,"La Liga","M","ESP","1st",2023,63,68,92.6,898,208,37,38,97.4,23,24,95.8,1,3,33.3,0,0,0,5,2,0,5,68,65,3,1,0,0,1,0,1,0,1,0,63,0,0,2,1,1,1,0,1,4,25,3,0,0,0,3,0,0,77,0,13,51,13,0,77,0,0,0,166,55,1,0,0,1,58,1,0,2,1,0,1,1,0,0,0,6,2,3,40,"DM","Midfielder",6.52,"M",6.5,"DMC",6.34
43,"https://fbref.com/en/matches/73b529f2/Celta-Vigo-Espanyol-August-13-2022-La-Liga","La Liga","13/08/2022","La Liga (Matchweek 1)","celta vigo","4-1-3-2",2,0.4,"Iago Aspas · 45+2&rsquor; Gonçalo Paciência · 63&rsquor;",5,0,"espanyol","04/03/2003",2,1.1,"Edu Expósito · 72&rsquor; Joselu (P) · 90+8&rsquor;",2,0,"https://fbref.com/en/matches/73b529f2/Celta-Vigo-Espanyol-August-13-2022-La-Liga","Celta Vigo","Home","javi galan","/en/players/a4b00319/Javi-Galan",17,"ESP","LB",NA,"27-267",90,0,1,0,0,0,0,1,0,68,3,0,1,0,0,0.2,0,0,40,53,75.5,4,38,3,6,2,"La Liga","M","ESP","1st",2023,40,53,75.5,637,219,19,22,86.4,18,23,78.3,3,7,42.9,0.2,0,1,3,2,0,4,53,39,14,2,0,0,3,12,0,0,0,0,40,0,1,3,2,2,1,0,1,2,50,1,1,0,1,3,2,0,68,1,18,33,17,0,68,33.3,3,50,204,103,3,0,3,2,42,6,0,1,3,0,3,2,0,0,0,5,1,1,50,"LB","Defender",7.69,"D",6.6,"DL",6.9
44,"https://fbref.com/en/matches/73b529f2/Celta-Vigo-Espanyol-August-13-2022-La-Liga","La Liga","13/08/2022","La Liga (Matchweek 1)","celta vigo","4-1-3-2",2,0.4,"Iago Aspas · 45+2&rsquor; Gonçalo Paciência · 63&rsquor;",5,0,"espanyol","04/03/2003",2,1.1,"Edu Expósito · 72&rsquor; Joselu (P) · 90+8&rsquor;",2,0,"https://fbref.com/en/matches/73b529f2/Celta-Vigo-Espanyol-August-13-2022-La-Liga","Celta Vigo","Home","unai nunez","/en/players/be170419/Unai-Nunez",4,"ESP","CB",NA,"25-195",90,0,0,0,0,0,0,0,0,72,1,2,2,0,0,0,0,0,53,61,86.9,4,43,1,0,0,"La Liga","M","ESP","1st",2023,53,61,86.9,930,431,27,28,96.4,23,23,100,3,10,30,0,0,0,3,0,0,4,61,59,2,2,0,0,0,0,0,0,0,0,53,0,0,1,1,0,1,0,0,0,0,0,2,2,0,3,6,0,72,6,37,36,0,0,72,0,0,0,267,176,0,0,1,0,50,0,0,1,0,0,0,1,0,0,0,7,0,6,0,"CB","Defender",6.78,"D",6.7,"DC",6.48
45,"https://fbref.com/en/matches/73b529f2/Celta-Vigo-Espanyol-August-13-2022-La-Liga","La Liga","13/08/2022","La Liga (Matchweek 1)","celta vigo","4-1-3-2",2,0.4,"Iago Aspas · 45+2&rsquor; Gonçalo Paciência · 63&rsquor;",5,0,"espanyol","04/03/2003",2,1.1,"Edu Expósito · 72&rsquor; Joselu (P) · 90+8&rsquor;",2,0,"https://fbref.com/en/matches/73b529f2/Celta-Vigo-Espanyol-August-13-2022-La-Liga","Celta Vigo","Home","joseph aidoo","/en/players/18abe173/Joseph-Aidoo",15,"GHA","CB",NA,"26-318",90,0,0,0,0,0,0,1,0,69,0,0,0,0,0,0,0,0,52,61,85.2,3,42,0,1,1,"La Liga","M","ESP","1st",2023,52,61,85.2,1078,403,20,24,83.3,25,27,92.6,7,9,77.8,0,0,0,2,0,0,3,61,60,1,1,0,1,0,0,0,0,0,0,52,0,1,0,0,0,0,0,0,0,0,0,0,0,0,0,5,0,69,9,42,26,1,0,69,100,0,0,218,132,1,0,0,1,45,0,0,2,1,0,0,0,0,0,0,3,6,2,75,"CB","Defender",6.68,"D",6.5,"DC",6.54
46,"https://fbref.com/en/matches/73b529f2/Celta-Vigo-Espanyol-August-13-2022-La-Liga","La Liga","13/08/2022","La Liga (Matchweek 1)","celta vigo","4-1-3-2",2,0.4,"Iago Aspas · 45+2&rsquor; Gonçalo Paciência · 63&rsquor;",5,0,"espanyol","04/03/2003",2,1.1,"Edu Expósito · 72&rsquor; Joselu (P) · 90+8&rsquor;",2,0,"https://fbref.com/en/matches/73b529f2/Celta-Vigo-Espanyol-August-13-2022-La-Liga","Celta Vigo","Home","hugo mallo","/en/players/cb574619/Hugo-Mallo",2,"ESP","RB",NA,"31-052",90,0,0,0,0,0,0,1,0,68,4,1,0,0,0,0,2,1,42,61,68.9,3,24,2,0,0,"La Liga","M","ESP","1st",2023,42,61,68.9,548,258,22,26,84.6,17,25,68,0,2,0,0,0.1,0,2,0,0,3,61,46,15,2,0,0,2,13,0,0,0,0,42,0,3,4,1,0,4,0,3,3,100,0,0,0,0,5,3,0,68,2,15,41,12,2,68,0,0,0,133,59,2,0,0,0,34,3,0,2,0,0,2,1,0,0,0,4,6,2,75,"RB","Defender",7.06,"D",6.8,"DR",6.76
47,"https://fbref.com/en/matches/73b529f2/Celta-Vigo-Espanyol-August-13-2022-La-Liga","La Liga","13/08/2022","La Liga (Matchweek 1)","celta vigo","4-1-3-2",2,0.4,"Iago Aspas · 45+2&rsquor; Gonçalo Paciência · 63&rsquor;",5,0,"espanyol","04/03/2003",2,1.1,"Edu Expósito · 72&rsquor; Joselu (P) · 90+8&rsquor;",2,0,"https://fbref.com/en/matches/73b529f2/Celta-Vigo-Espanyol-August-13-2022-La-Liga","Celta Vigo","Home","agustin marchesin","/en/players/853b7c48/Agustin-Marchesin",1,"ARG","GK",NA,"34-150",90,0,0,0,0,0,0,1,0,40,0,0,0,0,0,0,0,0,25,39,64.1,0,20,0,0,0,"La Liga","M","ESP","1st",2023,25,39,64.1,656,486,7,7,100,11,11,100,7,21,33.3,0,0,0,0,0,0,0,39,24,15,4,0,0,0,0,0,0,0,0,25,0,0,0,0,0,0,0,0,0,0,0,0,0,0,0,0,0,40,36,40,0,0,0,40,0,0,0,88,59,0,0,0,0,18,0,0,0,0,0,0,0,0,0,0,1,1,0,100,"GK","Keeper",5.89,"G",6,"GK",5.47
48,"https://fbref.com/en/matches/73b529f2/Celta-Vigo-Espanyol-August-13-2022-La-Liga","La Liga","13/08/2022","La Liga (Matchweek 1)","celta vigo","4-1-3-2",2,0.4,"Iago Aspas · 45+2&rsquor; Gonçalo Paciência · 63&rsquor;",5,0,"espanyol","04/03/2003",2,1.1,"Edu Expósito · 72&rsquor; Joselu (P) · 90+8&rsquor;",2,0,"https://fbref.com/en/matches/73b529f2/Celta-Vigo-Espanyol-August-13-2022-La-Liga","Espanyol","Away","joselu","/en/players/6265208f/Joselu",9,"ESP","FW",NA,"32-139",90,1,0,1,1,0,0,0,0,27,0,1,0,0.8,0,0,2,1,12,20,60,3,8,0,0,0,"La Liga","M","ESP","1st",2023,12,20,60,159,28,8,13,61.5,4,6,66.7,0,0,0,0,0,0,1,0,0,3,20,19,1,0,0,0,0,0,0,0,0,0,12,0,0,0,0,0,0,0,0,0,0,0,0,0,0,1,0,0,27,0,0,16,11,4,26,0,0,0,30,3,0,0,2,1,21,1,0,1,3,0,0,0,1,0,0,3,5,9,35.7,"CF","Attacker",7.78,"F",7.4,"FW",7.44
49,"https://fbref.com/en/matches/73b529f2/Celta-Vigo-Espanyol-August-13-2022-La-Liga","La Liga","13/08/2022","La Liga (Matchweek 1)","celta vigo","4-1-3-2",2,0.4,"Iago Aspas · 45+2&rsquor; Gonçalo Paciência · 63&rsquor;",5,0,"espanyol","04/03/2003",2,1.1,"Edu Expósito · 72&rsquor; Joselu (P) · 90+8&rsquor;",2,0,"https://fbref.com/en/matches/73b529f2/Celta-Vigo-Espanyol-August-13-2022-La-Liga","Espanyol","Away","nico ribaudo","/en/players/ce8039aa/Nico-Ribaudo",21,"ESP","LW",NA,"21-124",55,0,0,0,0,0,0,0,0,21,0,0,1,0,0,0,1,0,9,12,75,1,14,2,4,3,"La Liga","M","ESP","1st",2023,9,12,75,164,31,4,6,66.7,4,5,80,1,1,100,0,0,0,0,0,0,1,12,12,0,0,0,0,1,0,0,0,0,0,9,0,1,0,0,0,0,0,0,1,0,1,1,0,1,0,0,0,21,0,1,13,7,2,21,75,1,25,92,37,1,1,3,0,15,5,0,1,2,0,1,0,0,0,0,0,1,4,20,"LW","Attacker",6.34,NA,NA,"FWL",NA
50,"https://fbref.com/en/matches/73b529f2/Celta-Vigo-Espanyol-August-13-2022-La-Liga","La Liga","13/08/2022","La Liga (Matchweek 1)","celta vigo","4-1-3-2",2,0.4,"Iago Aspas · 45+2&rsquor; Gonçalo Paciência · 63&rsquor;",5,0,"espanyol","04/03/2003",2,1.1,"Edu Expósito · 72&rsquor; Joselu (P) · 90+8&rsquor;",2,0,"https://fbref.com/en/matches/73b529f2/Celta-Vigo-Espanyol-August-13-2022-La-Liga","Espanyol","Away","adri embarba","/en/players/db8f0eba/Adri-Embarba",23,"ESP","LW",NA,"30-098",35,0,0,0,0,2,0,0,0,15,1,0,1,0.1,0.1,0,2,0,4,6,66.7,0,7,1,5,3,"La Liga","M","ESP","1st",2023,4,6,66.7,80,37,2,3,66.7,1,2,50,1,1,100,0,0.1,0,0,0,0,0,6,5,1,1,0,0,2,0,0,0,0,0,4,0,0,1,0,0,1,0,1,1,100,0,1,0,1,1,0,0,15,2,2,8,6,1,15,60,1,20,49,36,1,0,2,0,6,2,0,1,1,0,2,0,0,0,0,2,0,1,0,"","Substitute",6.67,NA,NA,"Sub",6.72
